Date,Open,High,Low,Close,Adj Close,Volume
2024-03-22,48.880001068115234,51.0,45.34000015258789,46.0,46.0,15936700
2024-03-25,47.09000015258789,61.939998626708984,46.08000183105469,59.79999923706055,59.79999923706055,24398800
2024-03-26,67.70999908447266,74.9000015258789,63.209999084472656,65.11000061035156,65.11000061035156,35331000
2024-03-27,63.7599983215332,63.7599983215332,55.619998931884766,57.75,57.75,18758300
2024-03-28,54.52000045776367,55.29999923706055,49.099998474121094,49.31999969482422,49.31999969482422,12608100
2024-04-01,48.95000076293945,49.279998779296875,44.39500045776367,45.970001220703125,45.970001220703125,12987900
2024-04-02,45.05500030517578,51.349998474121094,44.0,50.45000076293945,50.45000076293945,9442900
2024-04-03,49.70000076293945,51.2400016784668,46.54999923706055,46.9900016784668,46.9900016784668,4822900
2024-04-04,46.70000076293945,48.43000030517578,45.099998474121094,45.779998779296875,45.779998779296875,4618400
2024-04-05,45.68000030517578,48.290000915527344,44.68000030517578,47.560001373291016,47.560001373291016,2927000
